{
  "aggregatedWeight": {
    "weights": [
      0.07473605493145949,
      0.06871456900220306,
      0.0894600589566833,
      0.0798346896063313
    ],
    "bias": 0.0010198355650109397,
    "numberOfSamples": 5
  },
  "numberOfHospitals": 2,
  "totalSamples": 5,
  "timestamp": "2025-07-05T23:29:29.379Z"
}